entreprise,site,segment,ville,techno_ecommerce,preuve_techno,prise_de_devis_actuelle,panier_estime,score_fit_1_5,note
Rack Market,https://rack-market.fr,rayonnage-stockage,Port-Saint-Louis-du-Rhône (13),WooCommerce,"HTML : woocommerce + wp-content, Elementor, WP Rocket",Kits à prix affichés + configurateur sur mesure avec prix instantané,300 € à plusieurs milliers €,5,"Palettier, cantilever, mi-lourd, pneus ; stock + expé 48-72h ; montage et audits EN 15635. Même ville qu'Equipement Stockage (lien non vérifié)."
Bluerack,https://www.bluerack.fr,rayonnage-stockage,non vérifié,WooCommerce,HTML : woocommerce + wp-content,Prix affichés + bouton « Demander un devis » (devis gratuit 24h),568 € à 30 800 € (prix affichés),5,"Neuf et occasion, palettiers à mezzanines ; 5 000 m² de stock ; livre FR/BE/CH."
Rack Discount,https://rackdiscount.com,rayonnage-stockage,Sigloy (45),WooCommerce,"generator WordPress 7.1.3 + woocommerce dans le HTML, Elementor",Produits à options + formulaire de devis personnalisé,240 € à plusieurs milliers €,5,Racks d'occasion et neufs ; 19 ans d'existence revendiqués ; références grands comptes.
France Rayonnage,https://www.france-rayonnage.fr,rayonnage-stockage,Cognac (16),WooCommerce,generator WordPress 7.1.3 + WooCommerce 11.2.1,Pas de prix ; bouton « Demander un devis » + formulaire,"non vérifié (projets industriels, probablement milliers €)",5,"Groupe SAS Actilev (plusieurs sites) ; montage, audit ; mi-lourd, lourd, cantilever, pneus."
Diplex,https://www.diplex.fr,rayonnage-stockage,Moirans (38),WooCommerce,generator WordPress 6.5 + WooCommerce 8.9.1,Pas de prix ; boutons « Demande de devis » + configurateur ProfilRAC (mi-lourd),milliers à dizaines de milliers € (plateformes),5,"Fabricant (~45 salariés revendiqués) : plateformes industrielles, mezzanines, rayonnages."
ADS Rayonnage,https://www.ads-rayonnage.fr,rayonnage-stockage,Saint-Benoît-sur-Loire (45),WooCommerce,generator WordPress 7.1.1 + WooCommerce 11.1.2,Pas de prix ; bouton « Devis gratuit » vers formulaire,"non vérifié (lots occasion, milliers €)",4,"Occasion + neuf, palettiers, cantilever, plateformes ; montage/démontage."
H3L,https://h3l.fr,rayonnage-stockage,Évry-Courcouronnes (91),WooCommerce,HTML : woocommerce + wp-content,Pas de prix ; formulaire de contact/devis,"non vérifié (projets, milliers €)",4,"Racks, cantilever, mezzanines, cloisons ; 4 agences (IdF, Reims, Toulouse)."
TandT Company,https://tandtcompany.com,rayonnage-stockage,non vérifié,WooCommerce,generator WordPress 7.1.3 + woocommerce dans le HTML,Bouton « Devis personnalisé sous 24h » + formulaire projet + rappel,~7 500-10 500 € HT (mezzanine Mezzaman vue en recherche),4,"Rayonnages, mezzanines, cloisons, audits EN 15635 ; +5 000 projets revendiqués."
Rayonnage System,https://www.rayonnage-system.com,rayonnage-stockage,Vauvert (30),PrestaShop,HTML : var prestashop,Prix affichés + configurateur 3D par produit + formulaire « Devis en ligne »,centaines à milliers €,4,Pages régionales multiples ; équipe de montage ; occasion + mezzanines.
Rayonnage Privé,https://rayonnage-prive.com,rayonnage-stockage,Montpellier / Orléans (entrepôts),PrestaShop,HTML : var prestashop,Panier + page devis mezzanine + rappel ; « devis en 2h » annoncé,centaines à milliers €,4,"Léger à palettier, cantilever, pneus, atelier, manutention ; +10 ans."
M-D-R,https://www.m-d-r.com,rayonnage-stockage,Bazouges Cré sur Loir (72),PrestaShop (probable),HTML : traces prestashop (+ wp-content) ; non confirmé,Prix affichés + formulaires de devis spécialisés par catégorie,jusqu'à 13 350 € HT (plateforme 50 m² affichée),4,Entreprise familiale depuis 1997 ; neuf/occasion ; LOA proposée.
System Agencement,https://system-agencement.com,rayonnage-stockage,Occitanie (ville non vérifiée),Shopify,HTML : cdn.shopify.com + « Propulsé par Shopify »,Pas de prix ; formulaire de projet en 4 étapes + version 30 s,non vérifié (projets 2-8 semaines),4,"Racks, cantilever, gondoles magasin ; étude + installation."
Eco Rayonnage,https://www.ecorayonnage.com,rayonnage-stockage,Saint-Martin-le-Beau (37),WordPress (vitrine) + boutique Occarack (PrestaShop probable),wp-content sur ecorayonnage.com ; occarack.com : traces prestashop,Bouton « Devis gratuit » + formulaire ; vente en ligne via occarack.com,640 € à 3 000 €+ (lots affichés sur Occarack),4,"Neuf/occasion, 20 000 m² de stock ; agences IdF et Rhône-Alpes."
Négo Pro,https://www.rayonnage-stockage.fr,rayonnage-stockage,Argentré (53),WordPress,"HTML : wp-content, WP Rocket ; pas de WooCommerce détecté",Pas de prix ; CTA « devis en 24h » + formulaire,non vérifié,3,Négociant en racks d'occasion depuis ~20 ans.
M-S Services,https://www.m-s-services.com,rayonnage-stockage,Sainte-Geneviève-des-Bois (91),Odoo,meta generator Odoo,Pas de prix ; page « demande de devis »,non vérifié (projets),3,"Neuf et reconditionné, plateformes, manutention ; 30 ans."
OPS,https://www.ops.fr,rayonnage-stockage,Auch (32),PrestaShop,HTML : var prestashop,Formulaire « demande de devis » (devis 48h) + téléphone,non vérifié,3,"Depuis 1987 ; rayonnage neuf/occasion, manutention, mobilier de bureau."
Rack De Stockage,https://rackdestockage.eu,rayonnage-stockage,Combs-la-Ville (77),non vérifié (HubSpot détecté),HTML : script HubSpot ; CMS non identifié,"Pas de prix ; formulaires de devis par besoin (installation, occasion, contrôle, mezzanine…)",non vérifié (projets),3,"Revendeur de 11 marques (Mecalux, Jungheinrich, SSI Schäfer…) ; contrôles EN 15635."
Equipement Stockage,https://www.equipement-stockage.com,rayonnage-stockage,Port-Saint-Louis-du-Rhône (13),Site sur mesure (agence Jalis),HTML : templates/equipement + analytics.jalis.pro,Pas de prix ; formulaire + appel,dès 795 € (cantilever) à milliers €,3,Se dit fabricant de cantilever ; même ville que Rack Market (lien non vérifié).
Rayometal,https://www.rayometal.fr,rayonnage-stockage,Nord de la France (ville non vérifiée),non vérifié,Site derrière challenge Cloudflare ; URL type -c-305.html,Prix affichés + panier ; devis en 1h annoncé,44 € à quelques centaines € par élément,3,"10 km d'étagères en stock, 10 000 m² ; plutôt transactionnel."
Equip'Rayonnage,https://www.equip-rayonnage.com,rayonnage-stockage,Pérenchies (59),"PrestaShop (probable, non vérifié)",Cloudflare ; URL type /433-produit.html (schéma PrestaShop),Vente directe en ligne ; pas de devis visible,59 € à ~500 € par élément,3,Prix usine ; profil proche de Rayometal (lien non vérifié).
Univers Rayonnage,https://www.universrayonnage.fr,rayonnage-stockage,non vérifié,Squarespace (pas d'e-commerce),HTML : nombreuses ressources squarespace,Pas de prix ; formulaire devis personnalisé,non vérifié,3,"Rayonnages, mezzanines, cloisons, installation."
Rayonnage Direct,https://www.rayonnage-direct.fr,rayonnage-stockage,non vérifié,Magento,"HTML : modules Magento_Checkout, Magento_Catalog…",Fiches produits + formulaire contact,centaines à milliers €,3,Sites FR/BE/CH/IT/DE : taille possiblement au-dessus de la cible.
Feralp,https://www.feralp.fr,rayonnage-stockage,Dingy-Saint-Clair (74),WordPress (pas de boutique),"wp-content, Elementor ; trace woocommerce dans le HTML mais aucune boutique visible",Bouton « Déposer un projet »,non vérifié (projets archives/musées),3,Fabricant depuis 1958 : rayonnages fixes et mobiles d'archives ; FR + Suisse.
RAC Rayonnage Aménagement Conseil,https://www.rac-rayonnage.fr,rayonnage-stockage,Décines-Charpieu (69),Duda (site vitrine),HTML : static.cdn-website.com (Duda / Solocal),Pas de prix ; demande de devis contact,non vérifié,2,"Installateur local Lyon : racks, picking, plateformes."
Abracadaracks,https://abracadaracks.fr,rayonnage-stockage,Libercourt (62),Site sur mesure (Symfony probable),HTML : /build/runtime.js (Webpack Encore),Place de marché d'annonces d'occasion + services,non vérifié,2,Mise en relation acheteurs/vendeurs ; modèle différent.
Ractem,https://ractem.fr,rayonnage-stockage,non vérifié (aussi ractem.be),Drupal,"HTML : sites/default, Drupal.","Panier e-commerce, pas de devis visible",38 € à ~330 € par article,2,"Très transactionnel, petits paniers."
France Transpalette,https://www.france-transpalette.com,manutention,Saint-Étienne (42),Magento,HTML : modules Magento,Prix affichés + page « Devis » + quiz de recommandation,358 € à ~2 800 € HT,3,"Transpalettes, gerbeurs, élévateurs, palans."
Diable Manutention,https://www.diable-manutention.fr,manutention,non vérifié,Magento,HTML : traces Magento,Prix affichés + « devis rapide pro »,non vérifié (centaines €),2,Site du groupe Matisere (multi-sites) selon la page ; paniers plutôt bas.
Manutention Professionnelle,https://www.manutention-professionnelle.fr,manutention,Torcy (77),PrestaShop,HTML : prestashop (Creative Slider for PrestaShop),Prix affichés + panier devis « express devis » + rappel,dizaines à milliers €,3,"Exploité par PMC Milliot selon la page ; chariots, tables élévatrices, levage."
Experlift,https://shop.experlift.fr,manutention,Île-de-France (ville non vérifiée),PrestaShop,HTML : thème pos_sonic2 + module ets_superspeed (PrestaShop),Prix non affichés ; bouton « Demande de devis »,milliers à dizaines de milliers € (chariots élévateurs),4,"Depuis 1986 : chariots, gerbeurs, nacelles neufs/occasion + location, SAV, CACES."
Materiel-Levage.com (Agriaus),https://www.materiel-levage.com,manutention,Mouchin (59),PrestaShop,meta generator Creative Slider for PrestaShop,Prix affichés + contact pour sur-mesure (bureau d'études),5 € à quelques centaines €,2,"Levage (palans, élingues, pinces sur mesure) ; panier souvent bas."
TDEM3,https://www.tdem3.fr,mezzanine-cloison,Comines (59),WordPress (pas d'e-commerce),generator WordPress 6.9 (tdem.fr redirige vers tdem3.fr),"Pas de prix ; formulaire devis (surface m², lieu, date)",plusieurs milliers à dizaines de milliers €,4,"Fabricant de mezzanines depuis 1989, EN 1090, bureau d'études."
Ateliers de Vignacourt (ATV 1975),https://ateliersdevignacourt.com,mezzanine-cloison,Vignacourt (80),WooCommerce,HTML : woocommerce + wp-content,"Pas de prix ; devis 24h, gammes configurables (NOVOKIT 12 configs, NOVOCAB 16 modèles)",milliers à dizaines de milliers €,4,"Fabricant de cabines et cloisons d'atelier, 100 % France ; 12 000 clients revendiqués."
AMGE Industrie,https://www.amgeindustrie.fr,mezzanine-cloison,Normandie (ville non vérifiée),Site sur mesure,"HTML : bundles CSS maison, pas de CMS identifié",Formulaire + configurateur en ligne « AMGE Connect »,non vérifié (projets),3,Coopérative (2013) : cloisons et cabines modulaires industrielles.
STIC Équipements,https://www.stic-equipements.fr,mezzanine-cloison,Oullins-Pierre-Bénite (69),WordPress (pas d'e-commerce),"generator WordPress 7.1.3, Elementor",Pas de prix ; formulaire « Trouver un chargé d'affaires »,non vérifié (projets),3,"Cabines, cloisons, bennes ; ~40 collaborateurs revendiqués."
Clozal,https://clozal.fr,mezzanine-cloison,Pompey (54),WordPress (pas d'e-commerce),"HTML : wp-content, Site Kit",Bouton « Demande de devis » + formulaire,non vérifié (projets),2,"Cloisons modulaires, cabines, rayonnage, clé en main ; zone Grand Est."
LGS Mobilier,https://www.lgs-mobilier.fr,atelier,Région bordelaise (non vérifié),PrestaShop,HTML : thème magari + module pm_advancedtopmenu (PrestaShop),Prix affichés + configurateur d'établi + devis gratuit + rappel,dès ~620 € à milliers €,4,"Fabrication française d'établis, armoires et mobilier d'atelier."
Établis François,https://www.etablis-francois.com,atelier,Le Syndicat (88),WordPress (pas d'e-commerce),"HTML : wp-content, Elementor",Pas de prix ; « devis en ligne » + formulaire,non vérifié,3,"Fabricant d'établis bois standard et sur mesure, +50 ans."
Normequip,https://www.normequip.com,atelier,non vérifié,PrestaShop (probable),HTML : media.normequip.com/themes/classic-child (thème PrestaShop) ; site renvoie 403 à WebFetch,non vérifié,non vérifié,2,Rubrique établis d'atelier vue en recherche ; contenu non vérifié.
Mon Atelier Pro (MA Pro),https://www.monatelierpro.fr,atelier,non vérifié,non vérifié,Site derrière challenge Cloudflare / 403,Devis en ligne annoncé dans la recherche (non vérifié),non vérifié,3,Fabricant de mobilier d'atelier sur mesure selon l'extrait de recherche.
Monsieur Bureau,https://www.monsieurbureau.com,mobilier-agencement,Paris 8e,Shopify,HTML : cdn.shopify.com,Prix affichés + devis sous 24h avec conseiller dédié,milliers € (aménagements de bureaux),4,"30 ans ; bureaux, sièges, acoustique ; installation incluse."
La Bureauthèque,https://www.labureautheque.com,mobilier-agencement,Boulogne-Billancourt (92),WiziShop,HTML : ressources wizishop,Prix affichés + page /demande-devis.html (rappel 24h),centaines à milliers €,3,Remise quantité 5-15 % ; TPE à grands groupes.
Lacour Mobilier de Bureau,https://www.mobilier-de-bureau.fr,mobilier-agencement,non vérifié,PrestaShop,meta generator PrestaShop,Prix affichés + nombreux produits « SUR DEVIS » ; devis en 1h annoncé,milliers €,3,Depuis 1848 ; standard et sur mesure ; livre FR/Benelux/Suisse.
Vente Directe PME (Meubles Fonctionnels),https://www.vente-directe-pme.com,mobilier-agencement,Vendée (ville non vérifiée),PrestaShop,HTML : var prestashop,Prix affichés + devis via contact ; personnalisation à partir de 10 unités,centaines à milliers €,3,"Fabricant français depuis 1977 : pupitres, mobilier d'accueil, bureaux."
Equip'Pro,https://www.equip-pro.eu,mobilier-agencement,Montceau-les-Mines (71),WooCommerce,generator WordPress 7.1.3 + WooCommerce 11.2.0,Prix affichés + « devis offert » via contact,35 € à milliers € (projets),4,Mobilier de bureau + rayonnages neufs/occasion ; showroom ; 25 ans.
Kollirama,https://kollirama.fr,mobilier-agencement,Bernis (30),Site sur mesure (Astro),meta generator Astro,Pas de prix ; devis gratuit après audit + plans 2D/3D,milliers à dizaines de milliers €,3,Agencement magasin + rayonnage entrepôt + mezzanines ; bureau d'études.
Rayonnage de Magasin,https://www.rayonnagedemagasin.com,mobilier-agencement,Saint-Barthélemy-d'Anjou (49),PrestaShop,HTML : var prestashop,Prix affichés + devis gratuit (formulaire/téléphone),jusqu'à 2 000 €+ par article ; port offert dès 2 500 € HT,3,"Gondoles, rayonnages de magasin, agencement."
Agenc'Mag,https://www.agenc-mag.com,mobilier-agencement,non vérifié,PrestaShop,HTML : var prestashop,Panier direct ; compte pro ; devis non mis en avant,2 € à ~770 € par article,2,Équipement magasin ; paniers plus faibles.
Grimbert Emballages,https://www.grimbert-emballages.fr,emballage,"Orne (61, ville non vérifiée)",WordPress (pas de boutique visible),"HTML : wp-content + traces woocommerce, WPBakery",Bouton « Obtenir un devis » vers contact,non vérifié (caisses/palettes sur mesure),3,"Caisses bois, palettes sur mesure ; 25 employés, 50 ans."
Auvergne Emballages,https://auvergneemballages.fr,emballage,Saint-Marcellin-en-Forez (42),WordPress (pas de boutique visible),"generator WordPress 7.1.3 + traces woocommerce, WPBakery",Formulaire de devis multi-étapes (specs produit),non vérifié (volumes palettes),3,"Palettes bois/plastique, caisses ; 2 sites, 700 000 palettes/an."
EBS Emballage,https://www.ebs-emballage.com,emballage,Propières (69),WordPress,HTML : wp-content,"Configurateur 3D de palettes + formulaire, devis sous 24h",non vérifié (volumes),3,"92 collaborateurs ; palettes, caisses, box ; sites Mâcon et Courpière."
Axe Emballage,https://www.axe-emballage.fr,emballage,Paris / IdF (non vérifié),PrestaShop,HTML : var prestashop,Prix affichés + devis 48h pour caisse bois sur mesure,"0,11 € à ~1 700 € par article",2,Consommables d'emballage majoritaires ; panier moyen probablement bas.
Caisserie CBM,https://caisserie-cbm.fr,emballage,non vérifié,WordPress (pas d'e-commerce),"HTML : wp-content, Elementor",non vérifié (pas de mention devis sur l'accueil),non vérifié,2,Caisses bois industrielles sur mesure.
